{
	"axis_max" : 34.163000106811523,
	"axis_min" : -59.60200023651123,
	"bounding_polygon" : 
	[
		[ -55.439347707605492, -4.2880949082042026, 0.0 ],
		[ -80.917600516128047, -3.8188185018846248, 0.0 ],
		[ -79.797066266753546, 8.7960390058765494, 0.0 ],
		[ -38.607743772263966, 8.1793238722572994, 0.0 ],
		[ -37.943848292183382, 21.53727256560888, 0.0 ],
		[ -9.9321770717290967, 14.33468011026592, 0.0 ],
		[ -9.6061268803697519, 30.429934089312848, 0.0 ],
		[ 12.509680673074818, 28.848548425647074, 0.0 ],
		[ 7.9820483000382083, 15.4071915379945, 0.0 ],
		[ 11.929193381481538, 12.56036034059084, 0.0 ],
		[ 55.078187051944923, 10.863551216124737, 0.0 ],
		[ 67.966015933660785, -10.921152622663806, 0.0 ],
		[ 13.896447120045099, -10.378578106200957, 0.0 ],
		[ 13.020239887451478, -14.486642302276799, 0.0 ],
		[ 7.0982585048548303, -13.673623034595668, 0.0 ],
		[ 1.3835338330447671, -16.873464670505435, 0.0 ],
		[ -2.6941998263331954, -9.4543479127852112, 0.0 ],
		[ -17.713571302723921, -8.8393177931922313, 0.0 ],
		[ -69.570716854040768, -27.311284056310097, 0.0 ],
		[ -72.009774487077806, -21.498828172649887, 0.0 ],
		[ -56.11251076418462, -4.2206943471529161, 0.0 ]
	],
	"class_name" : "SelectionPolygonVolume",
	"orthogonal_axis" : "Z",
	"version_major" : 1,
	"version_minor" : 0
}