{
	"axis_max" : 97.439002990722656,
	"axis_min" : -87.844001770019531,
	"bounding_polygon" : 
	[
		[ 82.131091093993192, 0.0, 5.6555772280150673 ],
		[ 82.309702580779089, 0.0, -2.2791532686836362 ],
		[ -79.153396459653592, 0.0, -3.9683797122895861 ],
		[ -79.311787778124113, 0.0, 4.5948609724041578 ],
		[ 82.643335357982963, 0.0, 4.9891542270712907 ]
	],
	"class_name" : "SelectionPolygonVolume",
	"orthogonal_axis" : "Y",
	"version_major" : 1,
	"version_minor" : 0
}